title,company,location,link,score
Software Developer,Crew Talent Advisory,"South Yarra, Victoria, Australia",https://au.linkedin.com/jobs/view/software-developer-at-crew-talent-advisory-3942637342?position=1&pageNum=0&refId=yNwVCxoXGEzSUZMyQYVSfA%3D%3D&trackingId=MPEfplIxInhYtVZuXsGZ7g%3D%3D&trk=public_jobs_jserp-result_search-card,10
Software Developer- Professional Internship Program,Eightfold Institute of Australia,"Cremorne, Victoria, Australia",https://au.linkedin.com/jobs/view/software-developer-professional-internship-program-at-eightfold-institute-of-australia-3944843363?position=3&pageNum=0&refId=yNwVCxoXGEzSUZMyQYVSfA%3D%3D&trackingId=LQ1y%2BgBcIbuUlE0qW1nSVA%3D%3D&trk=public_jobs_jserp-result_search-card,10
Software Developer,CYOS Solutions,"Melbourne, Victoria, Australia",https://au.linkedin.com/jobs/view/software-developer-at-cyos-solutions-3943821191?position=7&pageNum=0&refId=yNwVCxoXGEzSUZMyQYVSfA%3D%3D&trackingId=Q5xtZNMAsss3awqaejy%2FLQ%3D%3D&trk=public_jobs_jserp-result_search-card,10
Software Developer,IBISWorld,"Melbourne, Victoria, Australia",https://au.linkedin.com/jobs/view/software-developer-at-ibisworld-3730554749?position=17&pageNum=0&refId=yNwVCxoXGEzSUZMyQYVSfA%3D%3D&trackingId=FuEiIk2MXUUlWEyboZ%2FGEw%3D%3D&trk=public_jobs_jserp-result_search-card,10
Software Developer,Simpro Software,"Melbourne, Victoria, Australia",https://au.linkedin.com/jobs/view/software-developer-at-simpro-software-3840854332?position=34&pageNum=0&refId=yNwVCxoXGEzSUZMyQYVSfA%3D%3D&trackingId=%2BankovjhJsEsfmYGIuXXjw%3D%3D&trk=public_jobs_jserp-result_search-card,10
Software Developer/Engineer,SEISMA GROUP,"Melbourne, Victoria, Australia",https://au.linkedin.com/jobs/view/software-developer-engineer-at-seisma-group-3922876775?position=38&pageNum=0&refId=yNwVCxoXGEzSUZMyQYVSfA%3D%3D&trackingId=1AAQBoDQ2rNfFIoOPpdIpA%3D%3D&trk=public_jobs_jserp-result_search-card,10
Software Developer (AWS Lambda),Verra Mobility,"South Melbourne, Victoria, Australia",https://au.linkedin.com/jobs/view/software-developer-aws-lambda-at-verra-mobility-3906403689?position=53&pageNum=0&refId=yNwVCxoXGEzSUZMyQYVSfA%3D%3D&trackingId=d5ZPV6le5TyGW%2BbuSMkZig%3D%3D&trk=public_jobs_jserp-result_search-card,10
Software Developer (Front End),Encoo Communications,"Melbourne, Victoria, Australia",https://au.linkedin.com/jobs/view/software-developer-front-end-at-encoo-communications-3922466127?position=57&pageNum=0&refId=yNwVCxoXGEzSUZMyQYVSfA%3D%3D&trackingId=3cSWGOIr0EctHNoBvHfZKA%3D%3D&trk=public_jobs_jserp-result_search-card,10
Software Developer,Crew Talent Advisory,South Yarra VIC,https://au.jora.com/job/Software-Developer-171522eabdbd654f310337518ec504c7?abstract_type=extended_llm&fsv=true&sl=Melbourne&sol_srt=55d0d943-2855-4e1d-8034-5fffe8e534cc&sp=serp&sponsored=false&sq=software+developer&sr=1&tk=FEIpExJjOZHGGPFIUXzk-6wXAG90Sie_xgJT94QSu&trigger_source=serp,10
Software Developer,Cyos Solutions,Melbourne VIC,https://au.jora.com/job/Software-Developer-66e80793ae0feee3c95a45a93fc347b2?abstract_type=original&fsv=true&sl=Melbourne&sol_srt=55d0d943-2855-4e1d-8034-5fffe8e534cc&sp=serp&sponsored=false&sq=software+developer&sr=2&tk=FEIpExJjOZHGGPFIUXzk-6wXAG90Sie_xgJT94QSu&trigger_source=serp,10
Software Developer,MYOB,Melbourne VIC,https://au.jora.com/job/Software-Developer-2315b0f5f1d38e8b7e19f8ebe03f1352?abstract_type=extended_llm&fsv=true&sl=Melbourne&sol_srt=55d0d943-2855-4e1d-8034-5fffe8e534cc&sp=serp&sponsored=false&sq=software+developer&sr=3&tk=FEIpExJjOZHGGPFIUXzk-6wXAG90Sie_xgJT94QSu&trigger_source=serp,10
Software Developer- Professional Internship Program,Eightfold Institute of Australia,Melbourne VIC,https://au.jora.com/job/Software-Developer-20ba6d572fb51bcaf8c82d2896780a72?abstract_type=extended_llm&fsv=true&sl=Melbourne&sol_srt=55d0d943-2855-4e1d-8034-5fffe8e534cc&sp=serp&sponsored=false&sq=software+developer&sr=5&tk=FEIpExJjOZHGGPFIUXzk-6wXAG90Sie_xgJT94QSu&trigger_source=serp,10
Software Developer,FourQuarters Recruitment,Melbourne VIC,https://au.jora.com/job/Software-Developer-bdad5235a15ac8e0bd9be14d87274a66?abstract_type=extended_llm&fsv=true&sl=Melbourne&sol_srt=55d0d943-2855-4e1d-8034-5fffe8e534cc&sp=serp&sponsored=false&sq=software+developer&sr=7&tk=FEIpExJjOZHGGPFIUXzk-6wXAG90Sie_xgJT94QSu&trigger_source=serp,10
Frontend Developer,The Data Foundry,"Malvern East, Victoria, Australia",https://au.linkedin.com/jobs/view/frontend-developer-at-the-data-foundry-3943880021?position=10&pageNum=0&refId=yNwVCxoXGEzSUZMyQYVSfA%3D%3D&trackingId=EHrRmoLQCkrgqeRimlyhAg%3D%3D&trk=public_jobs_jserp-result_search-card,8
"Frontend Developer, Webflow",UpGuard,"Melbourne, Victoria, Australia",https://au.linkedin.com/jobs/view/frontend-developer-webflow-at-upguard-3922824802?position=12&pageNum=0&refId=yNwVCxoXGEzSUZMyQYVSfA%3D%3D&trackingId=l7V02nuNlspY3oLhDQrS%2Bw%3D%3D&trk=public_jobs_jserp-result_search-card,8
